facepalm,0.005787935411114213,0.3333333333333333
news,0.004947114698892252,0.6666666666666666
imgoingtohellforthis,0.04537166050829271,0.0
funny,0.019391723312408328,1.6
mildlyinteresting,0.004090143661462425,0.5
me_irl,0.04967079923120242,0.0
woahdude,0.00437578349198223,0.3333333333333333
cringepics,0.003968175716785464,1.0
thathappened,0.12579382147346024,0.0
adviceanimals,0.005431379534824257,1.5
aww,0.024919497141814653,3.0
trees,0.0030647284629333506,1.0
showerthoughts,0.0055165112332800316,0.6666666666666666
nottheonion,0.0047398213750277675,1.0
bestof,0.007766583553691577,4.0
wtf,0.0070011011542818885,1.3333333333333333
petitegonewild,0.0027397260273972603,0.0
cringeanarchy,0.004606686335205764,0.3333333333333333
pics,0.005064066127744368,0.6666666666666666
the_donald,0.01189088446181473,2.0
highqualitygifs,0.005002492036218093,0.4
futurama,0.003906601625259188,1.0
gifs,0.010200996765250568,2.0
kenm,0.07981079280806304,0.0
unexpected,0.0076205234592923825,1.0
blackpeopletwitter,0.004090143661462425,0.5
askreddit,0.009343820021662598,0.13043478260869565
hockey,0.0027397260273972603,0.0
nba,0.0052565092848511595,1.0
shittyreactiongifs,0.0027397260273972603,0.0
reactiongifs,0.0034703196347031966,1.0
globaloffensive,0.02170592245775302,0.0
videos,0.005809468249648011,0.5714285714285714
politics,0.010916316800114654,1.0
soccer,0.024295870813052078,0.0
todayilearned,0.010173756303177035,0.6666666666666666
movies,0.0034036652559284617,0.2
worldnews,0.005442905355296297,0.4
gaming,0.005117902919760206,0.2
sandersforpresident,0.005918301645555101,1.0
oldpeoplefacebook,0.025535233428096504,0.0
oldschoolcool,0.0027397260273972603,0.0
animalsbeingbros,0.022675323740848987,1.0
subredditsimulator,0.03743317389644977,0.0
atheism,0.015949904211730034,2.0
crappydesign,0.0067119906338672375,3.0
oddlysatisfying,0.0035585904945588933,0.2
mildlyinfuriating,0.01654550253263342,0.0
circlejerk,0.03210662325493732,0.0
4chan,0.022601186848076524,0.0
sports,0.0027397260273972603,0.0
britishproblems,0.0027397260273972603,0.0
upliftingnews,0.0027397260273972603,0.0
futurology,0.0027397260273972603,0.0
damnthatsinteresting,0.0027397260273972603,0.0
explainlikeimfive,0.0027397260273972603,0.0
osha,0.0027397260273972603,0.0
food,0.017792952472794468,0.0
tumblrinaction,0.02868351859864161,0.0
youdontsurf,0.0027397260273972603,0.0
meirl,0.026533430502820865,0.0
historyporn,0.0027397260273972603,0.0
instant_regret,0.0027397260273972603,0.0
space,0.0027397260273972603,0.0
jokes,0.01805295442122334,0.0
tifu,0.019677966598903786,0.0
nonononoyes,0.0027397260273972603,0.0
science,0.02080309436946127,0.0
holdthemoan,0.015323642314666753,0.0
nsfw,0.015323642314666753,0.0
writingprompts,0.015323642314666753,0.0
books,0.015323642314666753,0.0
pcmasterrace,0.015323642314666753,0.0
